{"AUC": 0.7215840443060009, "F1 Score": 0.04655674102812803, "Precision": 0.6075949367088608, "Recall": 0.024205748865355523}