{"AUC": 0.8662739437513366, "F1 Score": 0.7002083953557606, "Precision": 0.8546511627906976, "Recall": 0.5930408472012103}