{"AUC": 0.9174057081007423, "F1 Score": 0.8719687092568449, "Precision": 0.837465564738292, "Recall": 0.9094370410660865}