{"AUC": 0.8963520767396981, "F1 Score": 0.800342596117244, "Precision": 0.8266168665225083, "Recall": 0.7756871425936174}