{"AUC": 0.8025381654298551, "F1 Score": 0.6187981510015408, "Precision": 0.7955625990491284, "Recall": 0.5063035804336863}