{"AUC": 0.8501797553536883, "F1 Score": 0.7450530542013192, "Precision": 0.8636968085106383, "Recall": 0.6550680786686838}