{"AUC": 0.8563101103615849, "F1 Score": 0.7499073731011485, "Precision": 0.8204296716659911, "Recall": 0.6905493005800069}