{"AUC": 0.8200298553294639, "F1 Score": 0.6895896656534954, "Precision": 0.7779682811830262, "Recall": 0.6192425793244627}